000,A00,B00,B20,B28,A13,A19,U00,ART00ENG
A00,A01,A02,A03,P00
A01,A05,A07
A02,A05,A07
A03,A06
A04FRA,A05,A06,A07
A05,A08,A09
A06,A10,A11
A07,A12
A08,END
A09,END
A10,END
A11,END
A12,END
A13,B24FRA,A14,A18
A14,A16
A15,END
A16,A15,A17
A17,END
A18,A16
A19,P00,A27,A22,A26
A20FRA,A21,A28,A30
A21,A23,A24
A22,A21
A23,END
A24,END
A25,B04FRA,O00
A26,A21
A27,A21
A28,A32,A29,A31
A29,END
A30,A32,B10,A08,A10
A31,END
A32,END
ART00ENG,ART01
ART01,ART02
ART02,ART03
ART03,END
B00,B00.0,B00.1,B00.2,B00.3
B00.0,B01,B02,B03,P00
B00.1,B01,B02,B03,P00
B00.2,B01,B02,B03,P00
B00.3,B01,B02,B03,P00
B01,B05,B06,B08
B02,B05,B06,B08
B03,B07
B04ENG,B05,B07,B06,B08
B05,B09.0,B09.1,B10,B11,B15
B06,B10,A08,A09,B12,B09.0,B09.1
B07,B13,B14
B08,B16
B09.0,END
B09.1,END
B10,END
B11,END
B12,END
B13,END
B14,END
B15,END
B16,END
B20,B21.0,B22,B25.0,B26.0,P00,Q00,Q04ENG,Q08ENG,Q17
B21.0,B21.1,B26.1,B25.1
B22,B21.1,B26.1,B25.1
B24FRA,A05,A06,A07,B06,B07,B06,B08,B21.1,B26.1,B25.1
B25.0,B21.1,B26.1,B25.1
B26.0,B21.1,B26.1,B25.1
B21.1,B21.2,B23,B27
B25.1,B21.2,B23,B27
B26.1,B21.2,B23,B27
B21.2,END
B23,END
B27,END
B28,P00,B29
B29,B30
B30,B31,B32
B31,END
B32,END
C01,C02
C02,C04,C05,C04
C03,C06
C04,C06
C05,C06
C06,END
O00,O00.0,O00.1,O00.2,O00.3
O00.0,O01,O02
O00.1,A28,A30
O00.2,B08,A07
O00.3,Q05
O01,O04,O05
O02,O04,O05
O04,END
O05,END
P00,A04FRA,A20FRA,B04FRA,B24FRA
Q00,Q01,Q07
Q01,B23,Q02,Q03
Q02,Q02.1,Q02.0
Q02.0,END
Q02.1,END
Q03,END
Q04ENG,Q05,Q07
Q05,Q06
Q06,END
Q07,Q20,Q21,B23,B27
Q08ENG,Q07,Q09,Q10,Q13
Q09,B23,B27,Q11,Q12
Q10,B23,B27,Q11,Q12
Q11,END
Q12,END
Q13,B23,B27,Q14,Q15
Q14,END
Q15,END
Q16,B23,B27,Q18,Q19
Q17,Q16,Q07
Q18,END
Q19,END
Q20,END
Q21,END
Q22,END
Q23,END
U00,P00
